{
  "silhouette": 0.7820534110069275,
  "calinski_harabasz": 14574.81640625,
  "davies_bouldin": 0.2924742546994767,
  "ari": 0.8212757543084276,
  "nmi": 0.8797275137103217,
  "homogeneity": 0.8722541810165824,
  "completeness": 0.8873300136992425,
  "v_measure": 0.8797275137103217
}